{"train_loss": 0.014799588359892368, "epoch": 5, "trainer/global_step": 3750, "_timestamp": 1700866919.0450964, "_runtime": 58.565412282943726, "_step": 80, "gradients/model.layer2.bias": {"_type": "histogram", "values": [1.0, 0.0, 0.0, 0.0, 0.0, 0.0, 0.0, 0.0, 0.0, 0.0, 0.0, 0.0, 0.0, 1.0, 0.0, 0.0, 0.0, 0.0, 0.0, 0.0, 0.0, 0.0, 0.0, 0.0, 0.0, 0.0, 0.0, 0.0, 0.0, 0.0, 0.0, 0.0, 0.0, 0.0, 0.0, 0.0, 1.0, 0.0, 2.0, 1.0, 0.0, 0.0, 0.0, 1.0, 0.0, 0.0, 0.0, 0.0, 1.0, 1.0, 0.0, 0.0, 0.0, 0.0, 0.0, 0.0, 0.0, 0.0, 0.0, 0.0, 0.0, 0.0, 0.0, 1.0], "bins": [-0.00503471028059721, -0.0048993914388120174, -0.004764072131365538, -0.004628753289580345, -0.004493433982133865, -0.004358115140348673, -0.004222795832902193, -0.004087476991117001, -0.003952157683670521, -0.0038168388418853283, -0.003681519767269492, -0.003546200692653656, -0.0034108818508684635, -0.0032755627762526274, -0.0031402437016367912, -0.003004924627020955, -0.002869605552405119, -0.002734286477789283, -0.0025989674031734467, -0.0024636483285576105, -0.0023283292539417744, -0.002193010412156582, -0.0020576913375407457, -0.0019223722629249096, -0.0017870531883090734, -0.0016517341136932373, -0.0015164150390774012, -0.0013810960808768868, -0.0012457770062610507, -0.0011104579316452146, -0.0009751389152370393, -0.0008398198988288641, -0.0007045012898743153, -0.0005691822152584791, -0.0004338631988503039, -0.0002985441533382982, -0.00016322510782629251, -2.7906062314286828e-05, 0.00010741298319771886, 0.00024273202870972455, 0.00037805107422173023, 0.0005133701488375664, 0.0006486891652457416, 0.0007840081816539168, 0.000919327256269753, 0.0010546463308855891, 0.0011899652890861034, 0.0013252843637019396, 0.0014606034383177757, 0.0015959225129336119, 0.001731241587549448, 0.0018665605457499623, 0.0020018797367811203, 0.002137198578566313, 0.002272517653182149, 0.002407836727797985, 0.0025431558024138212, 0.0026784748770296574, 0.0028137939516454935, 0.0029491130262613297, 0.003084431868046522, 0.0032197509426623583, 0.0033550700172781944, 0.0034903890918940306, 0.0036257081665098667]}, "gradients/model.layer2.weight": {"_type": "histogram", "values": [1.0, 1.0, 0.0, 0.0, 1.0, 0.0, 0.0, 0.0, 1.0, 0.0, 0.0, 0.0, 0.0, 1.0, 0.0, 0.0, 2.0, 1.0, 1.0, 0.0, 1.0, 1.0, 2.0, 8.0, 5.0, 4.0, 3.0, 6.0, 12.0, 9.0, 10.0, 16.0, 30.0, 21.0, 782.0, 201.0, 52.0, 27.0, 17.0, 19.0, 10.0, 10.0, 8.0, 3.0, 3.0, 0.0, 3.0, 1.0, 2.0, 1.0, 0.0, 0.0, 0.0, 0.0, 0.0, 0.0, 1.0, 1.0, 0.0, 0.0, 0.0, 1.0, 0.0, 1.0], "bins": [-0.10377427190542221, -0.10079076141119003, -0.09780725091695786, -0.09482374042272568, -0.0918402373790741, -0.08885672688484192, -0.08587321639060974, -0.08288970589637756, -0.07990619540214539, -0.07692268490791321, -0.07393917441368103, -0.07095566391944885, -0.06797215342521667, -0.0649886503815651, -0.062005139887332916, -0.05902162939310074, -0.05603811889886856, -0.05305460840463638, -0.050071097910404205, -0.047087591141462326, -0.04410408064723015, -0.04112057015299797, -0.03813706338405609, -0.035153552889823914, -0.032170042395591736, -0.029186531901359558, -0.02620302326977253, -0.0232195146381855, -0.020236004143953323, -0.017252493649721146, -0.014268985018134117, -0.011285475455224514, -0.008301973342895508, -0.005318463779985905, -0.0023349542170763016, 0.0006485553458333015, 0.0036320649087429047, 0.006615574471652508, 0.009599084034562111, 0.012582593597471714, 0.015566103160381317, 0.018549613654613495, 0.021533122286200523, 0.024516630917787552, 0.02750014141201973, 0.030483651906251907, 0.03346715867519379, 0.036450669169425964, 0.03943417966365814, 0.04241769015789032, 0.0454012006521225, 0.04838470742106438, 0.051368217915296555, 0.05435172840952873, 0.05733523517847061, 0.06031874567270279, 0.06330225616693497, 0.06628576666116714, 0.06926927715539932, 0.0722527876496315, 0.07523629069328308, 0.07821980118751526, 0.08120331168174744, 0.08418682217597961, 0.08717033267021179]}, "gradients/model.layer1.bias": {"_type": "histogram", "values": [1.0, 0.0, 0.0, 0.0, 0.0, 0.0, 0.0, 0.0, 0.0, 0.0, 0.0, 0.0, 0.0, 0.0, 1.0, 0.0, 0.0, 0.0, 0.0, 0.0, 0.0, 0.0, 1.0, 0.0, 1.0, 1.0, 1.0, 1.0, 2.0, 2.0, 0.0, 4.0, 1.0, 3.0, 1.0, 8.0, 8.0, 11.0, 3.0, 28.0, 12.0, 5.0, 2.0, 2.0, 4.0, 5.0, 6.0, 1.0, 2.0, 1.0, 0.0, 1.0, 2.0, 2.0, 0.0, 0.0, 0.0, 0.0, 1.0, 3.0, 0.0, 0.0, 0.0, 1.0], "bins": [-0.00441154045984149, -0.00430100504308939, -0.0041904691606760025, -0.0040799337439239025, -0.003969397861510515, -0.0038588624447584152, -0.0037483267951756716, -0.003637791145592928, -0.0035272554960101843, -0.0034167198464274406, -0.003306184196844697, -0.0031956485472619534, -0.0030851131305098534, -0.0029745774809271097, -0.002864041831344366, -0.0027535061817616224, -0.002642970532178879, -0.002532434882596135, -0.0024218992330133915, -0.002311363583430648, -0.002200827933847904, -0.002090292517095804, -0.0019797568675130606, -0.001869221217930317, -0.0017586855683475733, -0.0016481499187648296, -0.001537614269182086, -0.0014270787360146642, -0.0013165430864319205, -0.0012060074368491769, -0.001095471903681755, -0.0009849362540990114, -0.0008744006045162678, -0.0007638649549335241, -0.0006533293635584414, -0.0005427937721833587, -0.000432258122600615, -0.00032172250212170184, -0.00021118688164278865, -0.00010065126116387546, 9.884359315037727e-06, 0.00012041997979395092, 0.0002309556002728641, 0.0003414912207517773, 0.0004520268412306905, 0.0005625624908134341, 0.0006730980821885169, 0.0007836336735635996, 0.0008941693231463432, 0.0010047049727290869, 0.0011152406223118305, 0.0012257761554792523, 0.001336311805061996, 0.0014468474546447396, 0.0015573829878121614, 0.001667918637394905, 0.0017784542869776487, 0.0018889899365603924, 0.001999525586143136, 0.0021100612357258797, 0.0022205966524779797, 0.0023311323020607233, 0.002441667951643467, 0.0025522036012262106, 0.0026627392508089542]}, "gradients/model.layer1.weight": {"_type": "histogram", "values": [29.0, 20.0, 0.0, 4.0, 8.0, 8.0, 0.0, 5.0, 7.0, 2.0, 40.0, 18.0, 14.0, 14.0, 12.0, 33.0, 47.0, 106.0, 131.0, 87.0, 228.0, 172.0, 428.0, 496.0, 708.0, 2793.0, 7422.0, 47022.0, 29913.0, 6298.0, 1435.0, 1281.0, 407.0, 287.0, 208.0, 127.0, 83.0, 91.0, 54.0, 22.0, 62.0, 21.0, 16.0, 3.0, 8.0, 11.0, 16.0, 9.0, 2.0, 5.0, 39.0, 6.0, 1.0, 2.0, 8.0, 6.0, 1.0, 1.0, 8.0, 5.0, 3.0, 1.0, 29.0, 29.0], "bins": [-0.013099588453769684, -0.012630821205675602, -0.012162054888904095, -0.011693287640810013, -0.011224520392715931, -0.010755754075944424, -0.010286986827850342, -0.00981821957975626, -0.009349452331662178, -0.00888068601489067, -0.008411918766796589, -0.007943151518702507, -0.007474385201931, -0.007005617953836918, -0.006536851171404123, -0.006068083923310041, -0.005599317140877247, -0.005130550358444452, -0.00466178311035037, -0.004193016327917576, -0.0037242493126541376, -0.0032554822973906994, -0.002786715514957905, -0.0023179484996944666, -0.0018491814844310284, -0.0013804144691675901, -0.0009116475703194737, -0.00044288061326369643, 2.588634379208088e-05, 0.0004946533008478582, 0.0009634202579036355, 0.001432187156751752, 0.0019009541720151901, 0.0023697211872786283, 0.0028384882025420666, 0.003307254984974861, 0.0037760220002382994, 0.004244789015501738, 0.004713555797934532, 0.005182323046028614, 0.005651089828461409, 0.006119856610894203, 0.006588623858988285, 0.00705739064142108, 0.007526157423853874, 0.007994924671947956, 0.008463691920042038, 0.008932458236813545, 0.009401225484907627, 0.009869992733001709, 0.010338759049773216, 0.010807526297867298, 0.01127629354596138, 0.011745059862732887, 0.01221382711082697, 0.012682594358921051, 0.013151360675692558, 0.01362012792378664, 0.014088895171880722, 0.014557662419974804, 0.015026428736746311, 0.015495195984840393, 0.0159639623016119, 0.016432730481028557, 0.016901496797800064]}, "val_loss": 0.1233329325914383, "valid_acc_epoch": 0.9652000069618225, "test_loss": 0.11786127835512161, "test_acc_epoch": 0.9653000235557556, "_wandb": {"runtime": 57}}