{"train_loss": 0.10331731289625168, "epoch": 2, "trainer/global_step": 1599, "_timestamp": 1700866792.2432213, "_runtime": 24.940409183502197, "_step": 33, "gradients/model.layer2.bias": {"_type": "histogram", "values": [1.0, 0.0, 0.0, 0.0, 0.0, 0.0, 0.0, 0.0, 0.0, 0.0, 0.0, 0.0, 0.0, 0.0, 0.0, 0.0, 0.0, 0.0, 0.0, 0.0, 0.0, 0.0, 0.0, 0.0, 0.0, 0.0, 0.0, 0.0, 0.0, 0.0, 0.0, 0.0, 0.0, 1.0, 1.0, 1.0, 0.0, 1.0, 0.0, 0.0, 0.0, 2.0, 0.0, 1.0, 0.0, 0.0, 0.0, 0.0, 0.0, 1.0, 0.0, 0.0, 0.0, 0.0, 0.0, 0.0, 0.0, 0.0, 0.0, 0.0, 0.0, 0.0, 0.0, 1.0], "bins": [-0.02909945510327816, -0.028336601331830025, -0.02757374942302704, -0.026810895651578903, -0.026048041880130768, -0.025285188108682632, -0.024522336199879646, -0.02375948242843151, -0.022996628656983376, -0.02223377674818039, -0.021470922976732254, -0.02070806920528412, -0.019945215433835983, -0.019182363525032997, -0.018419509753584862, -0.017656655982136726, -0.01689380407333374, -0.016130950301885605, -0.01536809653043747, -0.014605243690311909, -0.013842389918863773, -0.013079537078738213, -0.012316683307290077, -0.011553830467164516, -0.010790977627038956, -0.01002812385559082, -0.00926527101546526, -0.008502417244017124, -0.007739564403891563, -0.006976711098104715, -0.006213857792317867, -0.005451004486531019, -0.004688151180744171, -0.003925297874957323, -0.003162444569170475, -0.0023995914962142706, -0.0016367381904274225, -0.0008738849428482354, -0.00011103169526904821, 0.0006518215523101389, 0.001414674799889326, 0.002177528105676174, 0.0029403814114630222, 0.0037032344844192266, 0.004466087557375431, 0.005228940863162279, 0.005991794168949127, 0.006754647474735975, 0.007517500780522823, 0.008280353620648384, 0.00904320739209652, 0.00980606023222208, 0.010568914003670216, 0.011331766843795776, 0.012094620615243912, 0.012857473455369473, 0.013620326295495033, 0.014383180066943169, 0.01514603290706873, 0.01590888574719429, 0.016671739518642426, 0.01743459329009056, 0.018197447061538696, 0.018960298970341682, 0.019723152741789818]}, "gradients/model.layer2.weight": {"_type": "histogram", "values": [1.0, 0.0, 2.0, 1.0, 0.0, 0.0, 0.0, 1.0, 0.0, 0.0, 0.0, 1.0, 0.0, 0.0, 0.0, 2.0, 1.0, 1.0, 0.0, 2.0, 1.0, 0.0, 0.0, 0.0, 3.0, 0.0, 3.0, 5.0, 3.0, 8.0, 4.0, 6.0, 6.0, 10.0, 21.0, 27.0, 58.0, 526.0, 385.0, 53.0, 40.0, 32.0, 16.0, 22.0, 9.0, 10.0, 4.0, 3.0, 0.0, 2.0, 1.0, 0.0, 2.0, 2.0, 0.0, 1.0, 0.0, 0.0, 1.0, 0.0, 0.0, 1.0, 2.0, 1.0], "bins": [-0.2734886407852173, -0.2662883400917053, -0.25908803939819336, -0.2518877685070038, -0.24468746781349182, -0.23748716711997986, -0.2302868813276291, -0.22308659553527832, -0.21588629484176636, -0.2086859941482544, -0.20148570835590363, -0.19428542256355286, -0.1870851218700409, -0.17988482117652893, -0.17268453538417816, -0.1654842495918274, -0.15828394889831543, -0.15108364820480347, -0.1438833624124527, -0.13668307662010193, -0.12948277592658997, -0.1222824826836586, -0.11508218944072723, -0.10788189619779587, -0.1006816029548645, -0.09348130971193314, -0.08628101646900177, -0.0790807232260704, -0.07188042998313904, -0.06468013674020767, -0.057479843497276306, -0.05027955025434494, -0.043079257011413574, -0.03587896376848221, -0.028678670525550842, -0.021478377282619476, -0.01427808403968811, -0.007077790796756744, 0.00012250244617462158, 0.0073227956891059875, 0.014523088932037354, 0.02172338217496872, 0.028923675417900085, 0.03612396866083145, 0.04332426190376282, 0.05052455514669418, 0.05772484838962555, 0.06492514163255692, 0.07212543487548828, 0.07932572811841965, 0.08652602136135101, 0.09372631460428238, 0.10092660784721375, 0.10812690109014511, 0.11532719433307648, 0.12252748757600784, 0.1297277808189392, 0.13692808151245117, 0.14412836730480194, 0.1513286530971527, 0.15852895379066467, 0.16572925448417664, 0.1729295402765274, 0.18012982606887817, 0.18733012676239014]}, "gradients/model.layer1.bias": {"_type": "histogram", "values": [1.0, 1.0, 1.0, 0.0, 0.0, 0.0, 1.0, 0.0, 0.0, 0.0, 1.0, 0.0, 0.0, 1.0, 0.0, 0.0, 2.0, 1.0, 1.0, 1.0, 1.0, 1.0, 0.0, 1.0, 3.0, 3.0, 8.0, 4.0, 5.0, 8.0, 11.0, 26.0, 8.0, 7.0, 7.0, 1.0, 2.0, 5.0, 1.0, 5.0, 0.0, 0.0, 0.0, 0.0, 2.0, 0.0, 1.0, 1.0, 0.0, 1.0, 0.0, 1.0, 0.0, 0.0, 1.0, 0.0, 0.0, 0.0, 0.0, 0.0, 0.0, 0.0, 0.0, 3.0], "bins": [-0.007982892915606499, -0.007730737794190645, -0.007478582672774792, -0.007226427551358938, -0.006974272429943085, -0.006722117308527231, -0.006469962187111378, -0.006217807065695524, -0.005965651944279671, -0.00571349635720253, -0.005461341235786676, -0.005209186114370823, -0.004957030992954969, -0.004704875871539116, -0.004452720750123262, -0.004200565628707409, -0.003948410507291555, -0.003696255385875702, -0.0034441002644598484, -0.003191945143043995, -0.0029397900216281414, -0.0026876346673816442, -0.0024354795459657907, -0.0021833244245499372, -0.0019311693031340837, -0.0016790141817182302, -0.0014268590603023767, -0.0011747038224712014, -0.0009225487010553479, -0.0006703935796394944, -0.00041823840001598, -0.00016608324949629605, 8.607190102338791e-05, 0.00033822705154307187, 0.0005903822020627558, 0.0008425373816862702, 0.0010946925031021237, 0.0013468476245179772, 0.0015990028623491526, 0.001851157983765006, 0.0021033131051808596, 0.002355468226596713, 0.0026076233480125666, 0.00285977846942842, 0.0031119338236749172, 0.0033640889450907707, 0.0036162440665066242, 0.0038683991879224777, 0.004120554309338331, 0.004372709430754185, 0.004624864552170038, 0.004877019673585892, 0.005129174795001745, 0.005381329916417599, 0.005633485037833452, 0.005885640159249306, 0.0061377957463264465, 0.0063899508677423, 0.0066421059891581535, 0.006894261110574007, 0.0071464162319898605, 0.007398571353405714, 0.0076507264748215675, 0.007902881130576134, 0.008155036717653275]}, "gradients/model.layer1.weight": {"_type": "histogram", "values": [19.0, 9.0, 4.0, 7.0, 48.0, 114.0, 42.0, 66.0, 87.0, 37.0, 22.0, 70.0, 33.0, 70.0, 84.0, 124.0, 74.0, 155.0, 67.0, 59.0, 209.0, 93.0, 273.0, 219.0, 413.0, 344.0, 193.0, 428.0, 482.0, 2270.0, 1986.0, 3445.0, 4547.0, 21161.0, 45682.0, 6499.0, 3657.0, 1401.0, 2166.0, 809.0, 514.0, 236.0, 97.0, 129.0, 108.0, 119.0, 169.0, 141.0, 92.0, 185.0, 179.0, 65.0, 48.0, 38.0, 20.0, 89.0, 164.0, 18.0, 17.0, 48.0, 115.0, 91.0, 125.0, 77.0], "bins": [-0.026790335774421692, -0.026004666462540627, -0.025218995288014412, -0.024433325976133347, -0.023647654801607132, -0.022861985489726067, -0.022076314315199852, -0.021290645003318787, -0.020504973828792572, -0.019719304516911507, -0.01893363520503044, -0.018147964030504227, -0.01736229471862316, -0.016576623544096947, -0.01579095423221588, -0.015005283989012241, -0.014219613745808601, -0.013433943502604961, -0.012648273259401321, -0.011862603016197681, -0.011076932772994041, -0.010291263461112976, -0.009505593217909336, -0.008719922974705696, -0.007934252731502056, -0.007148582488298416, -0.006362912245094776, -0.0055772424675524235, -0.0047915722243487835, -0.0040059019811451435, -0.003220231970772147, -0.002434561960399151, -0.0016488898545503616, -0.0008632197277620435, -7.754960097372532e-05, 0.0007081205258145928, 0.001493790652602911, 0.002279460895806551, 0.0030651309061795473, 0.0038508009165525436, 0.004636471159756184, 0.005422141402959824, 0.006207811646163464, 0.006993481423705816, 0.007779151666909456, 0.008564821444451809, 0.009350491687655449, 0.010136161930859089, 0.010921832174062729, 0.011707502417266369, 0.012493172660470009, 0.013278842903673649, 0.014064513146877289, 0.014850182458758354, 0.01563585363328457, 0.016421522945165634, 0.01720719411969185, 0.017992863431572914, 0.01877853274345398, 0.019564203917980194, 0.02034987322986126, 0.021135544404387474, 0.02192121371626854, 0.022706884890794754, 0.02349255420267582]}, "val_loss": 0.1816239207983017, "valid_acc_epoch": 0.9426000118255615, "_wandb": {"runtime": 24}}