{"train_loss": 0.003130647586658597, "epoch": 5, "trainer/global_step": 3750, "_timestamp": 1700866477.647358, "_runtime": 63.90976095199585, "_step": 80, "gradients/model.layer2.bias": {"_type": "histogram", "values": [1.0, 0.0, 0.0, 0.0, 1.0, 0.0, 1.0, 0.0, 0.0, 0.0, 0.0, 0.0, 0.0, 0.0, 0.0, 0.0, 0.0, 0.0, 0.0, 0.0, 1.0, 0.0, 2.0, 1.0, 0.0, 0.0, 0.0, 0.0, 1.0, 0.0, 0.0, 0.0, 1.0, 0.0, 0.0, 0.0, 0.0, 0.0, 0.0, 0.0, 0.0, 0.0, 0.0, 0.0, 0.0, 0.0, 0.0, 0.0, 0.0, 0.0, 0.0, 0.0, 0.0, 0.0, 0.0, 0.0, 0.0, 0.0, 0.0, 0.0, 0.0, 0.0, 0.0, 1.0], "bins": [-0.012141375802457333, -0.011603379622101784, -0.01106538251042366, -0.010527386330068111, -0.009989390149712563, -0.009451393969357014, -0.008913397789001465, -0.008375400677323341, -0.007837404496967793, -0.007299408316612244, -0.0067614116705954075, -0.006223415024578571, -0.0056854188442230225, -0.005147422663867474, -0.0046094260178506374, -0.004071429371833801, -0.0035334331914782524, -0.00299543677829206, -0.0024574403651058674, -0.0019194439519196749, -0.0013814475387334824, -0.0008434511255472898, -0.00030545471236109734, 0.00023254170082509518, 0.0007705381140112877, 0.0013085345271974802, 0.0018465309403836727, 0.0023845273535698652, 0.0029225237667560577, 0.0034605201799422503, 0.003998516593128443, 0.004536513239145279, 0.005074510350823402, 0.005612506531178951, 0.006150503177195787, 0.006688499823212624, 0.0072264960035681725, 0.007764492183923721, 0.008302489295601845, 0.008840485475957394, 0.009378481656312943, 0.009916477836668491, 0.01045447401702404, 0.010992471128702164, 0.011530467309057713, 0.012068463489413261, 0.012606460601091385, 0.013144456781446934, 0.013682452961802483, 0.014220449142158031, 0.01475844532251358, 0.015296442434191704, 0.015834439545869827, 0.0163724347949028, 0.016910431906580925, 0.0174484271556139, 0.017986424267292023, 0.018524421378970146, 0.01906241662800312, 0.019600413739681244, 0.020138408988714218, 0.02067640610039234, 0.021214403212070465, 0.02175239846110344, 0.022290395572781563]}, "gradients/model.layer2.weight": {"_type": "histogram", "values": [1.0, 1.0, 0.0, 0.0, 1.0, 3.0, 1.0, 1.0, 3.0, 2.0, 5.0, 1.0, 4.0, 9.0, 9.0, 12.0, 9.0, 16.0, 8.0, 14.0, 9.0, 15.0, 12.0, 22.0, 24.0, 31.0, 604.0, 237.0, 55.0, 32.0, 17.0, 21.0, 12.0, 13.0, 8.0, 10.0, 7.0, 8.0, 8.0, 1.0, 7.0, 5.0, 1.0, 4.0, 3.0, 2.0, 1.0, 1.0, 2.0, 0.0, 0.0, 0.0, 1.0, 1.0, 1.0, 1.0, 1.0, 1.0, 0.0, 0.0, 0.0, 1.0, 0.0, 1.0], "bins": [-0.10934393852949142, -0.10528583824634552, -0.10122773796319962, -0.09716963022947311, -0.09311152994632721, -0.0890534296631813, -0.0849953293800354, -0.0809372290968895, -0.07687912881374359, -0.07282102108001709, -0.06876292079687119, -0.06470482051372528, -0.060646720230579376, -0.05658861622214317, -0.05253051593899727, -0.048472411930561066, -0.04441431164741516, -0.04035621136426926, -0.036298107355833054, -0.03224000707268715, -0.028181904926896095, -0.02412380278110504, -0.020065702497959137, -0.016007600352168083, -0.01194949820637703, -0.007891396060585976, -0.0038332948461174965, 0.00022480683401226997, 0.0042829085141420364, 0.00834101065993309, 0.01239911187440157, 0.01645721308887005, 0.020515307784080505, 0.02457340992987156, 0.028631512075662613, 0.03268961235880852, 0.03674771636724472, 0.040805816650390625, 0.04486391693353653, 0.04892202094197273, 0.05298012122511864, 0.05703822150826454, 0.061096325516700745, 0.06515442579984665, 0.06921252608299255, 0.07327062636613846, 0.07732873409986496, 0.08138683438301086, 0.08544493466615677, 0.08950303494930267, 0.09356113523244858, 0.09761924296617508, 0.10167734324932098, 0.10573544353246689, 0.10979354381561279, 0.1138516440987587, 0.1179097443819046, 0.1219678521156311, 0.1260259449481964, 0.1300840526819229, 0.13414216041564941, 0.13820025324821472, 0.14225836098194122, 0.14631645381450653, 0.15037456154823303]}, "gradients/model.layer1.bias": {"_type": "histogram", "values": [2.0, 0.0, 1.0, 0.0, 0.0, 1.0, 0.0, 0.0, 0.0, 0.0, 1.0, 0.0, 0.0, 3.0, 1.0, 3.0, 2.0, 1.0, 2.0, 2.0, 4.0, 3.0, 1.0, 2.0, 4.0, 2.0, 5.0, 1.0, 6.0, 2.0, 5.0, 4.0, 3.0, 13.0, 5.0, 6.0, 2.0, 6.0, 3.0, 2.0, 2.0, 3.0, 2.0, 1.0, 1.0, 3.0, 2.0, 1.0, 1.0, 0.0, 1.0, 3.0, 0.0, 0.0, 1.0, 0.0, 0.0, 2.0, 0.0, 3.0, 0.0, 2.0, 0.0, 2.0], "bins": [-0.004215072840452194, -0.00408910121768713, -0.003963129129260778, -0.0038371572736650705, -0.0037111854180693626, -0.0035852137953042984, -0.0034592419397085905, -0.0033332700841128826, -0.0032072982285171747, -0.003081326372921467, -0.002955354517325759, -0.002829382661730051, -0.002703411038964987, -0.002577439183369279, -0.002451467327773571, -0.002325495472177863, -0.0021995236165821552, -0.0020735517609864473, -0.0019475799053907394, -0.0018216081662103534, -0.0016956363106146455, -0.0015696644550189376, -0.0014436927158385515, -0.0013177208602428436, -0.0011917490046471357, -0.0010657771490514278, -0.0009398053516633809, -0.0008138335542753339, -0.000687861698679626, -0.0005618898430839181, -0.0004359180456958711, -0.0003099462192039937, -0.00018397439271211624, -5.8002566220238805e-05, 6.796926027163863e-05, 0.00019394108676351607, 0.0003199129132553935, 0.00044588473974727094, 0.0005718565662391484, 0.0006978283636271954, 0.0008238002192229033, 0.0009497720748186111, 0.001075743930414319, 0.001201715669594705, 0.001327687525190413, 0.0014536593807861209, 0.001579631119966507, 0.0017056029755622149, 0.0018315748311579227, 0.0019575466867536306, 0.0020835185423493385, 0.0022094903979450464, 0.0023354622535407543, 0.0024614338763058186, 0.0025874057319015265, 0.0027133775874972343, 0.0028393494430929422, 0.00296532129868865, 0.003091293154284358, 0.003217265009880066, 0.00334323663264513, 0.003469208488240838, 0.003595180343836546, 0.003721152199432254, 0.0038471240550279617]}, "gradients/model.layer1.weight": {"_type": "histogram", "values": [2.0, 2.0, 7.0, 7.0, 6.0, 9.0, 3.0, 14.0, 11.0, 10.0, 11.0, 14.0, 22.0, 42.0, 104.0, 171.0, 185.0, 186.0, 257.0, 288.0, 229.0, 329.0, 381.0, 502.0, 671.0, 695.0, 948.0, 3693.0, 4769.0, 7104.0, 10278.0, 29468.0, 15876.0, 11045.0, 5767.0, 2090.0, 1532.0, 455.0, 366.0, 395.0, 317.0, 269.0, 263.0, 221.0, 296.0, 179.0, 128.0, 142.0, 116.0, 75.0, 57.0, 54.0, 44.0, 51.0, 32.0, 60.0, 12.0, 37.0, 14.0, 7.0, 4.0, 3.0, 10.0, 17.0], "bins": [-0.01237273309379816, -0.01198155153542757, -0.011590369045734406, -0.011199187487363815, -0.010808005928993225, -0.010416824370622635, -0.010025642812252045, -0.00963446032255888, -0.00924327876418829, -0.0088520972058177, -0.008460914716124535, -0.008069733157753944, -0.007678551599383354, -0.007287370041012764, -0.0068961880169808865, -0.006505005992949009, -0.006113824434578419, -0.0057226428762078285, -0.005331460852175951, -0.0049402788281440735, -0.004549097269773483, -0.004157915711402893, -0.0037667336873710155, -0.0033755518961697817, -0.002984370104968548, -0.002593188313767314, -0.00220200652256608, -0.0018108247313648462, -0.0014196429401636124, -0.0010284611489623785, -0.0006372793577611446, -0.0002460975665599108, 0.0001450851559638977, 0.0005362669471651316, 0.0009274487383663654, 0.0013186305295675993, 0.0017098123207688332, 0.002100994111970067, 0.002492175903171301, 0.0028833576943725348, 0.0032745394855737686, 0.0036657212767750025, 0.004056903067976236, 0.004448085092008114, 0.004839266650378704, 0.005230448208749294, 0.005621630232781172, 0.006012812256813049, 0.0064039938151836395, 0.00679517537355423, 0.007186357397586107, 0.007577539421617985, 0.007968720979988575, 0.008359902538359165, 0.00875108502805233, 0.00914226658642292, 0.00953344814479351, 0.0099246297031641, 0.01031581126153469, 0.010706993751227856, 0.011098175309598446, 0.011489356867969036, 0.011880539357662201, 0.012271720916032791, 0.012662902474403381]}, "val_loss": 0.11578544974327087, "valid_acc_epoch": 0.967199981212616, "test_loss": 0.11104405671358109, "test_acc_epoch": 0.9677000045776367, "_wandb": {"runtime": 63}}