{"train_loss": 0.032240722328424454, "epoch": 5, "trainer/global_step": 3750, "_timestamp": 1700867367.6634145, "_runtime": 60.059367418289185, "_step": 80, "gradients/model.layer2.bias": {"_type": "histogram", "values": [1.0, 0.0, 0.0, 0.0, 0.0, 0.0, 0.0, 0.0, 0.0, 0.0, 0.0, 0.0, 0.0, 0.0, 0.0, 0.0, 0.0, 0.0, 0.0, 0.0, 0.0, 0.0, 0.0, 0.0, 0.0, 0.0, 0.0, 0.0, 0.0, 1.0, 1.0, 0.0, 0.0, 2.0, 2.0, 0.0, 0.0, 1.0, 0.0, 0.0, 0.0, 0.0, 1.0, 0.0, 0.0, 0.0, 0.0, 0.0, 0.0, 0.0, 0.0, 0.0, 0.0, 0.0, 0.0, 0.0, 0.0, 0.0, 0.0, 0.0, 0.0, 0.0, 0.0, 1.0], "bins": [-0.04094672203063965, -0.03974470868706703, -0.038542695343494415, -0.0373406819999218, -0.03613866865634918, -0.034936655312776566, -0.03373464196920395, -0.03253262862563133, -0.031330615282058716, -0.03012860007584095, -0.028926586732268333, -0.027724573388695717, -0.0265225600451231, -0.025320546701550484, -0.024118533357977867, -0.02291652001440525, -0.021714506670832634, -0.020512493327260017, -0.0193104799836874, -0.018108466640114784, -0.016906453296542168, -0.01570443995296955, -0.01450242567807436, -0.013300412334501743, -0.012098398990929127, -0.01089638564735651, -0.009694372303783894, -0.008492358960211277, -0.007290345150977373, -0.0060883318074047565, -0.004886317998170853, -0.003684304654598236, -0.0024822913110256195, -0.001280277851037681, -7.82643910497427e-05, 0.0011237490689381957, 0.002325762528926134, 0.0035277758724987507, 0.004729789681732655, 0.005931803025305271, 0.007133816368877888, 0.008335829712450504, 0.009537843056023121, 0.010739856399595737, 0.011941870674490929, 0.013143884018063545, 0.014345897361636162, 0.015547910705208778, 0.016749924048781395, 0.01795193739235401, 0.019153950735926628, 0.020355964079499245, 0.02155797742307186, 0.022759990766644478, 0.023962004110217094, 0.02516401745378971, 0.026366032660007477, 0.027568046003580093, 0.02877005934715271, 0.029972072690725327, 0.031174086034297943, 0.03237609937787056, 0.033578112721443176, 0.03478012606501579, 0.03598213940858841]}, "gradients/model.layer2.weight": {"_type": "histogram", "values": [2.0, 0.0, 0.0, 0.0, 0.0, 0.0, 1.0, 0.0, 3.0, 1.0, 3.0, 1.0, 3.0, 0.0, 4.0, 1.0, 1.0, 2.0, 2.0, 3.0, 1.0, 2.0, 2.0, 2.0, 4.0, 3.0, 5.0, 4.0, 13.0, 24.0, 31.0, 50.0, 853.0, 93.0, 47.0, 36.0, 18.0, 10.0, 8.0, 6.0, 3.0, 5.0, 4.0, 2.0, 3.0, 1.0, 3.0, 1.0, 4.0, 2.0, 2.0, 0.0, 4.0, 0.0, 2.0, 2.0, 0.0, 0.0, 1.0, 1.0, 0.0, 0.0, 0.0, 1.0], "bins": [-0.32532742619514465, -0.315408855676651, -0.30549031496047974, -0.2955717444419861, -0.28565317392349243, -0.2757346034049988, -0.2658160328865051, -0.25589749217033386, -0.2459789216518402, -0.23606035113334656, -0.2261417955160141, -0.21622323989868164, -0.206304669380188, -0.19638609886169434, -0.18646754324436188, -0.17654898762702942, -0.16663041710853577, -0.15671184659004211, -0.14679329097270966, -0.1368747353553772, -0.12695616483688354, -0.11703760176897049, -0.10711903870105743, -0.09720047563314438, -0.08728191256523132, -0.07736334949731827, -0.06744478642940521, -0.05752622336149216, -0.0476076602935791, -0.037689097225666046, -0.02777053415775299, -0.017851971089839935, -0.007933437824249268, 0.001985125243663788, 0.011903688311576843, 0.0218222513794899, 0.031740814447402954, 0.04165937751531601, 0.051577940583229065, 0.06149650365114212, 0.07141506671905518, 0.08133362978696823, 0.09125219285488129, 0.10117075592279434, 0.1110893189907074, 0.12100788205862045, 0.1309264451265335, 0.14084500074386597, 0.15076357126235962, 0.16068214178085327, 0.17060069739818573, 0.1805192530155182, 0.19043782353401184, 0.2003563940525055, 0.21027494966983795, 0.2201935052871704, 0.23011207580566406, 0.24003064632415771, 0.24994920194149017, 0.25986775755882263, 0.2697863280773163, 0.27970489859580994, 0.2896234393119812, 0.29954200983047485, 0.3094605803489685]}, "gradients/model.layer1.bias": {"_type": "histogram", "values": [1.0, 0.0, 1.0, 0.0, 1.0, 0.0, 0.0, 0.0, 0.0, 1.0, 1.0, 0.0, 0.0, 0.0, 1.0, 0.0, 0.0, 0.0, 1.0, 1.0, 1.0, 0.0, 2.0, 1.0, 4.0, 4.0, 1.0, 5.0, 8.0, 13.0, 27.0, 9.0, 8.0, 4.0, 4.0, 4.0, 5.0, 3.0, 3.0, 3.0, 2.0, 1.0, 1.0, 1.0, 1.0, 0.0, 0.0, 0.0, 0.0, 0.0, 1.0, 0.0, 0.0, 0.0, 0.0, 0.0, 1.0, 0.0, 1.0, 1.0, 0.0, 0.0, 0.0, 1.0], "bins": [-0.013271057978272438, -0.012837848626077175, -0.012404639273881912, -0.01197142992168665, -0.011538220569491386, -0.011105011217296124, -0.01067180186510086, -0.010238592512905598, -0.009805383160710335, -0.009372172877192497, -0.008938963524997234, -0.008505754172801971, -0.008072544820606709, -0.007639335468411446, -0.007206126116216183, -0.00677291676402092, -0.006339707411825657, -0.005906498059630394, -0.005473288707435131, -0.005040079355239868, -0.004606870003044605, -0.004173660185188055, -0.003740450832992792, -0.0033072414807975292, -0.0028740321286022663, -0.0024408227764070034, -0.0020076134242117405, -0.001574403839185834, -0.001141194486990571, -0.0007079850765876472, -0.0002747756661847234, 0.00015843374421820045, 0.0005916422232985497, 0.0010248515754938126, 0.0014580610441043973, 0.001891270512714982, 0.002324479864910245, 0.002757689217105508, 0.0031908988021314144, 0.0036241081543266773, 0.00405731750652194, 0.004490526858717203, 0.004923736210912466, 0.005356945563107729, 0.005790155380964279, 0.006223364733159542, 0.006656574085354805, 0.007089783437550068, 0.007522992789745331, 0.007956202141940594, 0.008389411494135857, 0.00882262084633112, 0.009255830198526382, 0.009689039550721645, 0.010122248902916908, 0.010555458255112171, 0.010988667607307434, 0.011421877890825272, 0.011855087243020535, 0.012288296595215797, 0.01272150594741106, 0.013154715299606323, 0.013587924651801586, 0.014021134003996849, 0.014454343356192112]}, "gradients/model.layer1.weight": {"_type": "histogram", "values": [6.0, 3.0, 1.0, 6.0, 8.0, 12.0, 21.0, 25.0, 29.0, 5.0, 8.0, 10.0, 18.0, 44.0, 21.0, 13.0, 17.0, 31.0, 20.0, 25.0, 29.0, 32.0, 42.0, 92.0, 106.0, 177.0, 254.0, 1611.0, 1708.0, 1796.0, 8965.0, 25506.0, 45044.0, 6857.0, 2456.0, 2074.0, 1678.0, 351.0, 236.0, 207.0, 215.0, 135.0, 68.0, 68.0, 31.0, 16.0, 19.0, 30.0, 16.0, 18.0, 15.0, 24.0, 9.0, 12.0, 8.0, 24.0, 28.0, 8.0, 18.0, 21.0, 5.0, 5.0, 1.0, 14.0], "bins": [-0.040818892419338226, -0.03954736515879631, -0.038275837898254395, -0.03700431063771248, -0.03573278337717056, -0.03446125611662865, -0.03318972885608673, -0.031918201595544815, -0.0306466743350029, -0.029375148937106133, -0.028103621676564217, -0.0268320944160223, -0.025560567155480385, -0.02428903989493847, -0.023017512634396553, -0.021745985373854637, -0.02047445811331272, -0.019202930852770805, -0.01793140359222889, -0.016659876331686974, -0.015388349071145058, -0.014116822741925716, -0.0128452954813838, -0.011573768220841885, -0.010302240960299969, -0.009030713699758053, -0.007759186439216137, -0.006487659644335508, -0.0052161323837935925, -0.0039446051232516766, -0.0026730780955404043, -0.0014015509514138103, -0.0001300238072872162, 0.0011415033368393779, 0.002413030480965972, 0.003684557508677244, 0.00495608476921916, 0.006227612029761076, 0.0074991388246417046, 0.00877066608518362, 0.010042193345725536, 0.011313720606267452, 0.012585247866809368, 0.013856775127351284, 0.015128301456570625, 0.01639982871711254, 0.017671355977654457, 0.018942883238196373, 0.02021441049873829, 0.021485937759280205, 0.02275746501982212, 0.024028992280364037, 0.025300519540905952, 0.02657204680144787, 0.027843574061989784, 0.0291151013225317, 0.030386626720428467, 0.03165815398097038, 0.0329296812415123, 0.034201208502054214, 0.03547273576259613, 0.036744263023138046, 0.03801579028367996, 0.03928731754422188, 0.040558844804763794]}, "val_loss": 0.12366081774234772, "valid_acc_epoch": 0.9649999737739563, "test_loss": 0.11184007674455643, "test_acc_epoch": 0.9668999910354614, "_wandb": {"runtime": 59}}